,City Name,Latitude,Longitude,Max Temp (F),Humidity,Cloudiness,Wind Speed,Country,Date
0,storforshei,66.4,14.52,55.4,54,75,9.17,NO,1594145702
1,avarua,-21.21,-159.78,71.6,78,74,10.29,CK,1594145682
2,chicama,-7.84,-79.15,72.1,57,40,11.7,PE,1594145705
3,la rioja,42.25,-2.5,86.0,25,0,5.82,ES,1594145706
4,sahuaripa,29.05,-109.23,94.89,34,73,4.36,MX,1594145710
5,novikovo,51.15,37.89,77.94,52,34,10.6,RU,1594145712
6,tura,25.52,90.22,76.82,97,100,8.03,IN,1594145713
7,port alfred,-33.59,26.89,55.99,78,100,3.0,ZA,1594145714
8,marzuq,14.4,46.47,82.9,52,100,4.61,YE,1594145716
9,busselton,-33.65,115.33,45.0,98,26,11.16,AU,1594145718
10,aksu,41.12,80.26,78.87,16,0,5.7,CN,1594145719
11,new norfolk,-42.78,147.06,35.01,90,25,2.26,AU,1594145720
12,san luis,-33.3,-66.34,51.39,45,85,5.66,AR,1594145722
13,vestmannaeyjar,63.44,-20.27,53.6,76,100,14.99,IS,1594145724
14,albany,42.6,-73.97,82.99,56,77,11.88,US,1594145725
15,punta arenas,-53.15,-70.92,32.0,90,75,19.46,CL,1594145517
16,san patricio,19.22,-104.7,91.4,70,40,6.93,MX,1594145728
17,camacha,33.08,-16.33,71.6,73,75,14.99,PT,1594145729
18,chokurdakh,70.63,147.92,38.61,92,99,10.11,RU,1594145731
19,dikson,73.51,80.55,51.28,66,58,14.27,RU,1594145732
20,mataura,-46.19,168.86,39.0,83,70,3.0,NZ,1594145734
21,naze,28.37,129.48,80.6,100,40,9.17,JP,1594145735
22,ambon,-3.7,128.18,78.57,85,74,13.22,ID,1594145738
23,ponta do sol,32.67,-17.1,75.0,71,3,3.33,PT,1594145739
24,ushuaia,-54.8,-68.3,39.2,60,75,11.41,AR,1594145741
25,byron bay,-28.65,153.62,50.0,87,60,6.93,AU,1594145742
26,kieta,-6.22,155.63,78.82,77,58,3.36,PG,1594145745
27,hilo,19.73,-155.09,75.2,83,90,6.93,US,1594145676
28,lavrentiya,65.58,-171.0,44.73,86,60,6.8,RU,1594145748
29,puerto ayora,-0.74,-90.35,72.0,85,98,7.0,EC,1594145749
30,georgetown,5.41,100.34,77.0,94,40,3.36,MY,1594145729
31,joshimath,30.57,79.57,66.61,57,100,1.36,IN,1594145752
32,port elizabeth,-33.92,25.57,55.4,71,100,10.29,ZA,1594145754
33,airai,-8.93,125.41,55.17,100,79,4.14,TL,1594145755
34,vilhena,-12.74,-60.15,87.8,40,20,8.05,BR,1594145756
35,kerouane,9.27,-9.02,78.12,87,78,3.27,GN,1594145758
36,san rafael,-34.62,-68.33,50.68,47,62,5.1,AR,1594145732
37,bilma,18.69,12.92,96.33,16,7,8.03,NE,1594145761
38,ilulissat,69.22,-51.1,42.8,93,75,9.17,GL,1594145668
39,hobart,-42.88,147.33,35.6,84,28,6.93,AU,1594145582
40,tasiilaq,65.61,-37.64,46.4,65,40,8.05,GL,1594145765
41,itarema,-2.92,-39.92,82.53,71,20,9.55,BR,1594145766
42,nikolskoye,59.7,30.79,66.2,52,40,8.95,RU,1594145768
43,norman wells,65.28,-126.83,55.4,71,75,11.41,CA,1594145769
44,cidreira,-30.18,-50.21,57.96,93,100,21.0,BR,1594145771
45,vaini,-21.2,-175.2,75.2,94,90,3.36,TO,1594145772
46,ribeira grande,38.52,-28.7,75.2,64,20,5.82,PT,1594145773
47,broome,42.25,-75.83,82.0,69,90,10.29,US,1594145775
48,mar del plata,-38.0,-57.56,46.99,65,75,6.93,AR,1594145478
49,codrington,-38.27,141.97,46.09,87,88,6.71,AU,1594145778
50,jamestown,42.1,-79.24,84.2,51,40,11.41,US,1594145779
51,esperance,-33.87,121.9,51.8,76,47,11.41,AU,1594145781
52,kamenka,51.32,42.77,84.0,31,20,9.46,RU,1594145782
53,gamba,-2.65,10.0,72.91,84,61,5.79,GA,1594145783
54,srednekolymsk,67.45,153.68,50.47,94,89,3.8,RU,1594145785
55,sur,22.57,59.53,87.6,70,17,10.33,OM,1594145786
56,bitam,2.08,11.5,69.6,96,45,2.44,GA,1594145788
57,lorengau,-2.02,147.27,81.52,81,91,9.57,PG,1594145789
58,qaanaaq,77.48,-69.36,47.17,55,0,1.16,GL,1594145791
59,pevek,69.7,170.31,44.82,74,0,2.24,RU,1594145792
60,ninh binh,20.25,105.97,85.06,79,100,10.25,VN,1594145794
61,rosetta,31.4,30.42,80.6,74,0,11.41,EG,1594145795
62,rikitea,-23.12,-134.97,70.32,80,96,8.75,PF,1594145798
63,letterkenny,54.95,-7.73,57.2,82,75,11.41,IE,1594145799
64,pisco,-13.7,-76.22,68.0,68,13,11.41,PE,1594145592
65,raahe,64.68,24.48,59.0,82,17,6.93,FI,1594145802
66,louis trichardt,-23.04,29.9,57.58,36,0,2.59,ZA,1594145804
67,vostok,46.49,135.88,56.21,100,100,1.74,RU,1594145805
68,upernavik,72.79,-56.15,45.64,65,46,8.1,GL,1594145806
69,mahebourg,-20.41,57.7,71.6,94,75,11.41,MU,1594145808
70,hamilton,39.18,-84.53,93.0,58,1,8.05,US,1594145791
71,faanui,-16.48,-151.75,77.74,80,52,15.97,PF,1594145811
72,bluff,-46.6,168.33,39.0,83,63,3.0,NZ,1594145812
73,longyearbyen,78.22,15.64,48.2,76,75,32.21,SJ,1594145814
74,kavaratti,10.57,72.64,83.37,81,100,17.78,IN,1594145816
75,arraial do cabo,-22.97,-42.03,80.6,73,0,14.99,BR,1594145817
76,kibakwe,-6.72,36.37,62.92,65,52,4.29,TZ,1594145819
77,ust-tsilma,65.44,52.15,65.35,60,91,3.27,RU,1594145820
78,hammerfest,70.66,23.68,50.0,76,40,17.22,NO,1594145822
79,vila franca do campo,37.72,-25.43,71.6,73,75,12.75,PT,1594145823
80,ballina,-28.87,153.57,50.0,87,63,6.93,AU,1594145824
81,mosquera,4.71,-74.23,66.2,55,40,13.87,CO,1594145826
82,pittsburg,38.03,-121.88,79.0,38,1,3.36,US,1594145627
83,dingle,11.0,122.67,78.03,87,72,6.08,PH,1594145829
84,cabo san lucas,22.89,-109.91,93.0,49,20,6.93,MX,1594145791
85,nassau,40.75,-73.58,82.0,69,90,11.41,US,1594145832
86,skaelskor,55.25,11.29,55.99,93,89,4.7,DK,1594145833
87,tessalit,20.2,1.01,105.35,7,0,8.03,ML,1594145835
88,leningradskiy,69.38,178.42,44.92,76,82,5.01,RU,1594145836
89,hermanus,-34.42,19.23,45.0,91,0,3.11,ZA,1594145837
90,fairbanks,64.84,-147.72,64.0,59,90,4.7,US,1594145572
91,lompoc,34.64,-120.46,66.99,63,0,11.41,US,1594145594
92,chuy,-33.7,-53.46,53.31,63,66,11.77,UY,1594145841
93,baturyn,51.35,32.88,66.56,93,100,8.41,UA,1594145844
94,cherskiy,68.75,161.3,58.62,57,1,4.45,RU,1594145846
95,plessisville,46.22,-71.76,84.0,33,97,5.99,CA,1594145847
96,estelle,29.85,-90.11,80.6,100,90,3.36,US,1594145848
97,ludinghausen,51.77,7.47,66.99,59,59,1.99,DE,1594145850
98,bengkulu,-3.8,102.27,76.1,89,100,5.08,ID,1594145851
99,oranjestad,12.52,-70.03,82.4,83,75,12.75,AW,1594145853
100,lao cai,22.48,103.95,79.5,78,99,1.7,VN,1594145856
101,lebu,-37.62,-73.65,48.43,86,97,25.41,CL,1594145857
102,manyana,-23.4,21.72,57.33,31,0,6.38,BW,1594145858
103,bud,39.45,-86.18,91.0,58,5,3.51,US,1594145860
104,elverum,60.88,11.56,48.0,83,100,1.99,NO,1594145861
105,bambous virieux,-20.34,57.76,72.0,94,75,11.41,MU,1594145863
106,severo-kurilsk,50.68,156.12,51.46,87,0,8.05,RU,1594145864
107,weatherford,32.76,-97.8,86.0,76,12,3.0,US,1594145866
108,kruisfontein,-34.0,24.73,49.1,75,83,4.5,ZA,1594145867
109,sao bento,-6.28,-37.75,85.3,38,0,6.11,BR,1594145868
110,butaritari,3.07,172.79,82.47,77,25,12.3,KI,1594145708
111,mercedes,-34.65,-59.43,52.0,66,100,1.01,AR,1594145871
112,atbasar,51.8,68.33,66.25,71,50,5.91,KZ,1594145874
113,plastun,44.76,136.29,61.2,94,99,0.81,RU,1594145875
114,saskylakh,71.92,114.08,46.65,78,20,7.83,RU,1594145877
115,egvekinot,66.32,-179.17,41.11,99,100,3.44,RU,1594145878
116,thyboron,56.7,8.21,55.0,78,13,1.01,DK,1594145881
117,ketchikan,55.34,-131.65,60.8,72,90,9.17,US,1594145883
118,darhan,49.49,105.92,62.33,85,31,2.8,MN,1594145884
119,clyde river,70.47,-68.59,39.2,100,90,12.75,CA,1594145887
120,bodden town,19.28,-81.25,89.6,75,20,5.82,KY,1594145888
121,hualmay,-11.1,-77.61,67.1,66,62,13.58,PE,1594145890
122,san cristobal,7.77,-72.22,91.4,43,40,9.17,VE,1594145798
123,almazar,40.32,69.01,78.8,36,18,11.18,UZ,1594145892
124,sabang,5.89,95.32,82.24,74,100,10.89,ID,1594145894
125,kapaa,22.08,-159.32,80.6,78,75,14.99,US,1594145895
126,pemba,-12.97,40.52,77.0,78,20,16.11,MZ,1594145897
127,otane,-39.88,176.63,45.0,90,58,1.03,NZ,1594145898
128,gambo,4.65,22.26,70.61,94,82,0.6,CF,1594145900
129,pimenta bueno,-11.67,-61.19,92.71,30,0,5.21,BR,1594145901
130,zvishavane,-20.33,30.07,58.64,35,0,4.92,ZW,1594145903
131,tiksi,71.69,128.87,33.76,96,100,5.12,RU,1594145904
132,muravlenko,63.79,74.52,70.3,66,83,11.9,RU,1594145905
133,hasaki,35.73,140.83,80.6,83,75,14.99,JP,1594145907
134,khorixas,-20.37,14.97,57.33,38,0,2.24,NA,1594145908
135,oistins,13.07,-59.53,87.8,70,40,11.41,BB,1594145910
136,saldanha,-33.01,17.94,51.8,71,0,6.93,ZA,1594145911
137,moa,20.66,-74.94,87.71,65,6,13.53,CU,1594145913
138,yellowknife,62.46,-114.35,59.0,67,75,16.11,CA,1594145914
139,tuktoyaktuk,69.45,-133.04,37.4,86,75,9.17,CA,1594145915
140,barrow,71.29,-156.79,37.4,86,90,12.75,US,1594145917
141,hami,42.8,93.45,77.45,33,60,2.3,CN,1594145918
142,atuona,-9.8,-139.03,78.94,77,38,12.19,PF,1594145920
143,haines junction,60.75,-137.51,60.37,47,100,1.88,CA,1594145921
144,nan,18.83,100.67,74.46,95,100,1.34,TH,1594145923
145,adrar,20.5,-10.07,110.88,6,24,12.19,MR,1594145924
146,smolenka,52.14,113.5,57.2,76,21,4.47,RU,1594145926
147,alta floresta,-9.88,-56.09,93.2,32,40,8.05,BR,1594145927
148,necochea,-38.55,-58.74,48.99,69,89,8.01,AR,1594145928
149,carouge,46.18,6.14,77.0,36,32,5.82,CH,1594145930
150,cape town,-33.93,18.42,55.0,71,0,8.05,ZA,1594145790
151,hirado,33.36,129.55,72.0,95,66,3.11,JP,1594145933
152,bethel,41.37,-73.41,72.0,83,90,9.17,US,1594145934
153,coihaique,-45.58,-72.07,28.4,92,90,4.7,CL,1594145935
154,saint george,37.1,-113.58,98.01,6,1,4.7,US,1594145937
155,bandarbeyla,9.49,50.81,80.42,72,0,25.72,SO,1594145938
156,wad madani,14.4,33.52,84.58,52,51,12.53,SD,1594145940
157,san ignacio,17.16,-89.07,89.6,62,75,6.93,BZ,1594145941
158,horizontina,-27.63,-54.31,54.0,99,100,1.39,BR,1594145892
159,muzaffarabad,34.37,73.47,82.65,37,32,5.21,PK,1594145944
160,kot isa khan,30.95,75.13,88.03,56,46,15.12,IN,1594145945
161,ambilobe,-13.2,49.05,75.02,80,98,2.28,MG,1594145947
162,touros,-5.2,-35.46,82.4,61,20,11.41,BR,1594145948
163,karasburg,-28.02,18.75,53.65,47,17,9.91,NA,1594145950
164,saint andrews,34.05,-81.13,75.99,94,90,11.41,US,1594145951
165,dolores,-36.31,-57.68,47.12,64,100,9.19,AR,1594145952
166,newport,51.59,-3.0,60.01,90,85,3.0,GB,1594145954
167,kaitangata,-46.28,169.85,39.0,74,86,4.0,NZ,1594145955
168,kichmengskiy gorodok,59.98,45.79,71.78,82,44,5.73,RU,1594145957
169,moindou,-21.69,165.68,60.8,100,90,5.82,NC,1594145958
170,puerto leguizamo,-0.19,-74.78,86.18,62,78,2.51,CO,1594145959
171,bardiyah,31.76,25.09,75.49,78,0,11.95,LY,1594145961
172,tumut,-35.3,148.22,40.19,82,2,3.96,AU,1594145962
173,carnarvon,-24.87,113.63,62.6,77,3,14.99,AU,1594145964
174,meadow lake,34.8,-106.54,89.6,11,1,10.29,US,1594145965
175,maputo,-25.97,32.59,73.0,64,20,20.8,MZ,1594145966
176,hithadhoo,-0.6,73.08,84.4,76,92,9.42,MV,1594145968
177,kenai,60.55,-151.26,55.99,87,90,3.36,US,1594145969
178,urumqi,43.8,87.6,69.8,56,0,6.71,CN,1594145971
179,richards bay,-28.78,32.04,69.19,66,26,17.09,ZA,1594145972
180,la ronge,55.1,-105.28,71.6,56,75,9.17,CA,1594145974
181,lixourion,38.2,20.43,80.6,65,40,11.41,GR,1594145975
182,mayo,38.89,-76.51,84.0,78,75,6.93,US,1594145977
183,alice,27.75,-98.07,93.2,52,1,10.29,US,1594145979
184,bredasdorp,-34.53,20.04,46.4,87,0,2.24,ZA,1594145981
185,bambanglipuro,-7.95,110.28,76.12,86,51,8.14,ID,1594145984
186,wahiawa,21.5,-158.02,80.6,78,40,3.36,US,1594145985
187,batagay-alyta,67.8,130.41,46.92,76,48,3.62,RU,1594145988
188,alekseyevsk,57.84,108.35,61.14,88,38,1.14,RU,1594145990
189,klaksvik,62.23,-6.59,50.0,81,26,12.75,FO,1594145991
190,hutchinson,38.06,-97.93,91.0,52,40,10.29,US,1594145992
191,berbera,10.44,45.01,95.56,35,11,18.81,SO,1594145727
192,bubaque,11.28,-15.83,81.3,80,96,11.21,GW,1594145995
193,pyay,18.82,95.22,80.2,83,100,3.58,MM,1594145997
194,geraldton,-28.77,114.6,53.6,93,75,4.7,AU,1594145998
195,yanam,16.73,82.22,82.45,86,94,4.92,IN,1594145999
196,saint-philippe,-21.36,55.77,71.6,88,40,17.22,RE,1594146001
197,castro,-24.79,-50.01,71.08,62,42,11.99,BR,1594146002
198,torbay,47.67,-52.73,62.01,62,20,6.93,CA,1594146004
199,buraydah,26.33,43.98,98.6,20,0,8.05,SA,1594146006
200,oshakati,-17.78,15.68,64.67,23,1,8.19,NA,1594146008
201,salalah,17.02,54.09,82.4,88,40,2.24,OM,1594146012
202,sovetskaya gavan,48.97,140.29,55.99,96,100,3.06,RU,1594146014
203,fortuna,40.6,-124.16,66.99,59,1,17.22,US,1594146015
204,tuatapere,-46.13,167.68,39.0,83,97,3.0,NZ,1594146018
205,ustka,54.58,16.86,60.19,70,10,11.14,PL,1594146019
206,sinnamary,5.38,-52.95,84.18,62,2,6.64,GF,1594146021
207,magdagachi,53.45,125.8,55.67,66,48,2.51,RU,1594146022
208,novyy kostek,43.34,46.82,86.45,26,0,18.07,RU,1594146023
209,arlit,18.74,7.39,102.9,8,32,7.83,NE,1594146025
210,raigarh,21.9,83.4,80.78,73,99,3.62,IN,1594146027
211,tulum,20.22,-87.47,90.0,74,75,12.75,MX,1594145797
212,severo-yeniseyskiy,60.37,93.04,53.92,98,46,4.74,RU,1594146031
213,uray,60.12,64.78,71.98,66,3,5.5,RU,1594146032
214,igaci,-9.54,-36.63,80.1,58,8,9.44,BR,1594146033
215,lakes entrance,-37.88,147.98,39.0,96,14,6.82,AU,1594146035
216,jatai,-17.88,-51.71,83.19,31,0,9.57,BR,1594146036
217,husavik,66.04,-17.34,53.6,62,14,14.99,IS,1594146038
218,bowen,-20.02,148.23,64.99,93,75,9.17,AU,1594146039
219,inta,66.03,60.17,69.66,81,96,6.96,RU,1594146041
220,payakumbuh,-0.22,100.63,70.32,90,100,1.74,ID,1594146042
221,uva,56.99,52.19,73.99,77,0,4.03,RU,1594146044
222,iqaluit,63.75,-68.51,44.6,87,75,8.05,CA,1594146045
223,arica,-18.48,-70.3,66.2,59,23,11.41,CL,1594146046
224,kutum,14.2,24.67,85.17,29,81,13.6,SD,1594146048
225,at-bashi,41.17,75.81,53.55,42,0,1.41,KG,1594146049
226,inhambane,-23.86,35.38,68.0,88,0,5.97,MZ,1594146051
227,gushikawa,26.35,127.87,82.4,88,75,9.17,JP,1594146052
228,sulangan,11.14,123.72,83.95,77,91,9.71,PH,1594146053
229,sioux lookout,50.1,-91.92,77.0,47,40,9.17,CA,1594146055
230,katsuura,35.13,140.3,79.0,93,96,8.99,JP,1594146056
231,kirakira,-10.45,161.92,79.48,84,85,9.93,SB,1594146058
232,woodward,36.43,-99.39,91.4,40,1,12.75,US,1594146059
233,huarmey,-10.07,-78.15,68.02,65,65,14.18,PE,1594146061
234,erenhot,43.65,111.98,76.53,26,0,16.91,CN,1594146063
235,baghdad,33.34,44.4,98.6,23,0,2.24,IQ,1594145771
236,saint-denis,48.92,2.33,79.0,29,0,6.93,FR,1594146066
237,lasa,46.62,10.7,68.0,32,5,6.93,IT,1594146069
238,gawler,-34.6,138.73,44.01,84,0,5.99,AU,1594146072
239,rach gia,10.02,105.08,79.84,81,20,6.29,VN,1594146073
240,quatre cocos,-20.21,57.76,72.0,94,75,11.41,MU,1594146075
241,krasnoselkup,65.7,82.47,59.56,86,41,10.11,RU,1594146076
242,minas novas,-17.22,-42.59,80.35,37,25,7.87,BR,1594146078
243,hay river,60.82,-115.8,62.6,59,20,6.93,CA,1594146079
244,tromso,69.65,18.96,50.0,71,75,11.41,NO,1594145835
245,champerico,14.3,-91.92,87.8,58,20,6.93,GT,1594146082
246,thompson,55.74,-97.86,77.0,36,40,14.99,CA,1594146083
247,sarkand,45.41,79.92,63.61,49,23,6.78,KZ,1594146085
248,yenagoa,4.92,6.26,74.68,96,100,5.41,NG,1594146086
249,maarianhamina,60.1,19.93,60.8,67,3,5.82,AX,1594146088
250,atherton,53.52,-2.49,55.99,93,100,4.0,GB,1594146089
251,guarumal,8.35,-82.53,82.4,83,40,6.93,PA,1594146091
252,sandakan,5.84,118.12,77.0,100,20,1.12,MY,1594146092
253,sigmaringen,48.08,9.22,68.0,42,22,2.93,DE,1594146093
254,monsenhor gil,-5.56,-42.61,89.6,40,20,9.17,BR,1594146095
255,owando,-0.48,15.9,74.61,78,100,2.37,CG,1594146098
256,bathsheba,13.22,-59.52,87.8,70,40,11.41,BB,1594146099
257,kununurra,-15.77,128.73,55.4,30,25,10.2,AU,1594146101
258,santa barbara,34.42,-119.7,84.0,60,1,5.82,US,1594145844
259,hun,29.13,15.95,86.02,22,0,8.1,LY,1594146104
260,rawson,-43.3,-65.1,45.32,69,13,27.29,AR,1594146105
261,castelo do piaui,-5.32,-41.55,89.69,38,58,4.88,BR,1594146106
262,aranda de duero,41.67,-3.69,85.82,29,0,13.18,ES,1594146108
263,alofi,-19.06,-169.92,68.0,94,43,3.36,NU,1594146109
264,denison,33.76,-96.54,84.2,70,90,3.36,US,1594146111
265,lagoa,39.05,-27.98,69.33,86,26,6.04,PT,1594146112
266,zonguldak,41.25,31.83,70.83,75,78,2.51,TR,1594146114
267,vao,-22.67,167.48,68.61,67,8,14.88,NC,1594146115
268,krasnyy yar,46.53,48.35,87.8,45,0,8.95,RU,1594146116
269,palmer,42.16,-72.33,79.0,69,90,6.93,US,1594145950
270,turukhansk,65.82,87.98,55.83,93,10,4.14,RU,1594146120
271,aswan,24.09,32.91,93.96,11,0,10.45,EG,1594146121
272,poum,-20.23,164.02,69.71,69,0,9.82,NC,1594146123
273,talnakh,69.49,88.4,55.4,76,1,8.95,RU,1594146124
274,turayf,31.67,38.66,89.6,33,40,18.34,SA,1594146125
275,areka,7.07,37.7,57.99,92,97,2.13,ET,1594146127
276,oda,35.18,132.5,72.66,90,100,4.83,JP,1594146128
277,bonthe,7.53,-12.51,79.14,81,88,8.88,SL,1594146130
278,clonakilty,51.62,-8.87,61.0,93,75,12.75,IE,1594146131
279,sorland,67.67,12.69,51.8,71,40,5.82,NO,1594146132
280,taksimo,56.34,114.88,61.74,55,65,1.19,RU,1594146134
281,portland,45.52,-122.68,64.0,77,90,3.36,US,1594145962
282,komsomolskiy,40.43,71.72,77.0,36,0,6.93,UZ,1594146137
283,nanortalik,60.14,-45.24,41.94,89,100,10.69,GL,1594146138
284,okakarara,-20.58,17.43,55.49,34,0,2.64,NA,1594146140
285,jacareacanga,-6.22,-57.75,93.2,44,34,6.93,BR,1594146141
286,malibu,34.01,-118.81,84.99,80,0,4.0,US,1594145959
287,lipovtsy,44.2,131.72,55.89,92,16,7.7,RU,1594146144
288,benguela,-12.58,13.41,68.61,83,0,2.71,AO,1594146145
289,kiruna,67.86,20.23,55.4,54,71,11.41,SE,1594146148
290,mbini,1.57,9.61,82.4,88,20,6.93,GQ,1594146149
291,tahta,26.77,31.5,100.4,11,0,17.22,EG,1594146152
292,mehamn,71.04,27.85,53.6,71,40,11.41,NO,1594146154
293,tiznit,29.58,-9.5,97.66,15,19,8.01,MA,1594146155
294,palu,-0.89,119.87,74.68,82,66,2.75,ID,1594146156
295,kishorganj,24.43,90.77,81.25,89,100,8.75,BD,1594146158
296,beringovskiy,63.05,179.32,47.53,80,86,7.23,RU,1594146159
297,ostrovnoy,68.05,39.51,61.03,65,32,12.57,RU,1594146162
298,mabaruma,8.2,-59.78,81.27,91,14,4.63,GY,1594146163
299,biltine,14.53,20.92,96.04,23,43,8.39,TD,1594146165
300,la mata,8.08,-80.88,87.4,62,94,1.03,PA,1594146166
301,yar-sale,66.83,70.83,70.09,66,100,8.28,RU,1594146168
302,lelystad,52.51,5.47,59.0,76,97,5.99,NL,1594146169
303,roma,43.21,-75.46,87.8,48,75,11.41,US,1594146030
304,high level,58.52,-117.14,60.8,82,75,2.24,CA,1594146172
305,sukhumi,43.0,41.02,77.81,82,37,4.56,GE,1594146173
306,port blair,11.67,92.75,81.64,80,100,7.67,IN,1594146175
307,ossora,59.24,163.07,51.76,92,100,7.14,RU,1594146176
308,salinopolis,-0.61,-47.36,81.05,80,31,6.02,BR,1594146177
309,mount gambier,-37.83,140.77,35.6,100,75,3.36,AU,1594146179
310,east london,-33.02,27.91,61.93,60,99,10.78,ZA,1594145910
311,siderno,38.28,16.3,82.4,54,1,16.11,IT,1594146182
312,maumere,-8.62,122.21,77.81,80,61,6.17,ID,1594146184
313,neuquen,-38.95,-68.06,44.6,81,75,9.17,AR,1594145955
314,harper,4.38,-7.72,76.75,81,99,10.51,LR,1594146187
315,marawi,8.0,124.29,77.0,90,95,5.01,PH,1594146189
316,anadyr,64.75,177.48,48.2,93,75,4.47,RU,1594146192
317,fare,-16.7,-151.02,78.21,79,43,18.34,PF,1594146193
318,prosvet,55.57,65.08,66.25,90,1,4.07,RU,1594146194
319,nhulunbuy,-12.23,136.77,73.4,78,40,8.05,AU,1594146196
320,jardim,-21.48,-56.14,88.27,35,3,12.24,BR,1594145971
321,santa elena,-2.23,-80.85,73.53,74,83,12.21,EC,1594146199
322,bahia blanca,-38.72,-62.27,49.69,49,66,2.42,AR,1594146072
323,cuiluan,47.72,128.65,56.08,91,78,4.05,CN,1594146201
324,guerrero negro,27.98,-114.06,80.89,43,0,11.74,MX,1594146177
325,yeppoon,-23.13,150.73,55.4,87,20,14.61,AU,1594146204
326,okhotsk,59.38,143.3,50.05,81,100,2.26,RU,1594146206
327,takoradi,4.88,-1.76,76.42,86,75,12.08,GH,1594146207
328,ushtobe,45.25,77.98,71.53,45,23,10.31,KZ,1594146208
329,karpathos,35.51,27.21,78.8,83,20,14.99,GR,1594146210
330,radyvyliv,50.13,25.26,54.95,93,100,7.05,UA,1594146211
331,pasni,25.26,63.47,85.75,86,99,2.37,PK,1594146140
332,baherden,38.44,57.43,86.86,13,0,3.85,TM,1594146163
333,korla,41.76,86.15,82.0,74,0,1.01,CN,1594146215
334,kahului,20.89,-156.47,82.4,58,20,14.99,US,1594146121
335,kodiak,57.79,-152.41,57.2,87,90,3.36,US,1594146219
336,khatanga,71.97,102.5,47.93,73,8,15.26,RU,1594146220
337,chatra,24.22,84.87,82.4,94,75,4.12,IN,1594146221
338,olafsvik,64.89,-23.71,50.74,74,87,12.21,IS,1594146223
339,semnan,35.57,53.4,80.22,30,96,8.05,IR,1594146226
340,walvis bay,-22.96,14.51,59.0,77,0,2.24,NA,1594146070
341,san pedro,14.35,121.02,82.99,80,47,1.99,PH,1594146228
342,namibe,-15.2,12.15,69.49,65,0,5.14,AO,1594146133
343,sola,-13.88,167.55,80.6,83,90,11.41,VU,1594146231
344,chapais,49.78,-74.85,66.2,100,90,13.87,CA,1594146234
345,valley city,46.92,-98.0,80.6,57,1,6.93,US,1594146208
346,sibolga,1.74,98.78,76.93,84,100,2.01,ID,1594146033
347,jevnaker,60.24,10.38,51.01,87,75,5.82,NO,1594146241
348,chandbali,20.78,86.77,84.61,78,96,12.93,IN,1594146242
349,lancaster,40.25,-76.25,84.0,69,90,5.86,US,1594146031
350,pitimbu,-7.47,-34.81,82.4,69,40,13.87,BR,1594146246
351,kilindoni,-7.91,39.67,77.18,83,28,19.82,TZ,1594146248
352,santa maria,-29.68,-53.81,52.2,95,100,10.76,BR,1594146249
353,narsaq,60.92,-46.05,50.0,66,75,5.82,GL,1594146251
354,gibara,21.11,-76.13,91.4,55,75,9.17,CU,1594146252
355,cimislia,46.52,28.78,66.2,88,90,12.75,MD,1594146253
356,noumea,-22.28,166.46,69.01,100,90,5.82,NC,1594146176
357,atar,20.52,-13.05,109.4,19,0,6.93,MR,1594146256
358,yaan,7.38,8.57,76.05,90,91,9.13,NG,1594146258
359,souillac,-20.52,57.52,71.6,94,75,11.41,MU,1594146144
360,ranfurly,-45.13,170.1,32.0,79,77,1.01,NZ,1594146261
361,los llanos de aridane,28.66,-17.92,75.2,78,20,13.87,ES,1594146262
362,buala,-8.14,159.59,79.93,82,17,6.71,SB,1594146263
363,kendari,-3.94,122.5,73.44,94,100,2.82,ID,1594146265
364,daru,-9.08,143.21,76.8,85,100,17.67,PG,1594146266
365,luba,3.46,8.55,80.6,88,40,5.82,GQ,1594146268
366,graaff-reinet,-32.25,24.53,46.0,60,100,3.62,ZA,1594146245
367,port macquarie,-31.43,152.92,53.6,93,90,5.82,AU,1594146270
368,siavonga,-16.54,28.71,68.79,53,0,5.32,ZM,1594146272
369,laguna,38.42,-121.42,75.99,38,1,3.36,US,1594146275
370,treinta y tres,-33.23,-54.38,52.77,67,52,12.44,UY,1594146276
371,muscat,23.61,58.59,87.8,89,33,8.05,OM,1594146278
372,labuhan,-6.88,112.21,76.42,86,80,8.08,ID,1594146121
373,san gavino monreale,39.55,8.79,78.8,47,1,12.75,IT,1594146280
374,pringsewu,-5.36,104.97,73.15,93,81,1.54,ID,1594146282
375,moroeni,45.22,25.43,62.01,79,65,3.0,RO,1594146283
376,baoma,31.49,106.11,73.65,79,20,4.05,CN,1594146285
377,nome,64.5,-165.41,48.2,93,90,6.93,US,1594146286
378,shetpe,44.17,52.12,89.51,18,69,3.49,KZ,1594146288
379,merauke,-8.47,140.33,76.66,82,59,17.87,ID,1594146289
380,port-cartier,50.03,-66.87,66.0,72,75,10.29,CA,1594146290
381,miri,4.41,114.01,77.0,100,40,3.36,MY,1594146292
382,kpandu,7.0,0.29,79.11,84,98,7.92,GH,1594146293
383,lang son,21.83,106.73,77.11,95,73,3.74,VN,1594146295
384,provideniya,64.38,-173.3,43.29,94,100,5.88,RU,1594146122
385,krasnoyarskaya,47.65,42.04,88.25,24,3,14.5,RU,1594146297
386,marrakesh,31.63,-8.01,111.2,8,40,8.05,MA,1594146299
387,halmstad,56.67,12.86,55.99,71,84,17.22,SE,1594146301
388,auki,-8.77,160.7,77.65,86,63,3.4,SB,1594146303
389,samarai,-10.62,150.67,78.03,84,97,15.03,PG,1594146305
390,bhuj,23.27,69.67,84.6,81,94,14.45,IN,1594146306
391,gulbarga,17.33,76.83,78.04,82,80,10.83,IN,1594146307
392,mahon,39.89,4.27,77.0,65,40,6.93,ES,1594146309
393,coquimbo,-29.95,-71.34,60.8,59,20,12.75,CL,1594146133
394,port lincoln,-34.73,135.87,49.33,65,0,10.45,AU,1594146313
395,sao gabriel da cachoeira,-0.13,-67.09,82.4,78,40,3.36,BR,1594146314
396,pilar,-9.6,-35.96,80.6,65,75,12.75,BR,1594146316
397,cockburn town,21.46,-71.14,86.0,70,40,11.41,TC,1594146317
398,rosetown,51.55,-108.0,73.0,70,73,5.01,CA,1594146319
399,narok,-1.08,35.86,58.77,80,72,6.51,KE,1594146320
400,peterhead,57.51,-1.8,53.01,76,75,6.93,GB,1594146322
401,estevan,49.13,-102.98,82.0,54,1,16.11,CA,1594146323
402,vodnyy,63.5,53.41,75.99,65,69,4.63,RU,1594146324
403,matamoros,25.53,-103.25,91.0,29,5,6.93,MX,1594146326
404,wewak,-3.55,143.63,78.3,84,98,8.66,PG,1594146327
405,san matias,-16.37,-58.4,96.94,22,0,8.9,BO,1594146330
406,vallenar,-28.57,-70.76,59.45,45,30,2.28,CL,1594146331
407,tonj,7.27,28.68,72.63,90,65,3.33,SS,1594146333
408,taloda,21.57,74.22,81.37,81,100,9.86,IN,1594146334
409,hofn,64.25,-15.21,52.2,78,46,6.73,IS,1594146336
410,sitka,57.05,-135.33,55.4,82,90,5.82,US,1594146139
411,berezanka,46.85,31.39,74.12,65,77,15.97,UA,1594146338
412,mwinilunga,-11.74,24.43,56.08,37,0,3.76,ZM,1594146340
413,conde,-7.26,-34.91,82.4,69,40,13.87,BR,1594146058
414,lensk,60.73,114.93,52.66,87,100,2.66,RU,1594146343
415,shelburne,44.08,-80.2,93.2,34,20,9.17,CA,1594146344
416,aginskoye,51.1,114.53,60.69,69,0,3.83,RU,1594146346
417,victoria,22.29,114.16,84.0,79,95,11.01,HK,1594146347
418,saint-pierre,-21.34,55.48,71.6,88,40,17.22,RE,1594146348
419,superior,46.72,-92.1,84.99,54,90,3.29,US,1594146350
420,najran,17.49,44.13,91.4,15,97,2.24,SA,1594146351
421,tondi,9.73,79.02,84.04,76,93,11.25,IN,1594146352
422,yerbogachen,61.28,108.01,52.74,92,100,5.1,RU,1594146137
423,kuching,1.55,110.33,77.0,100,20,1.12,MY,1594146357
424,mirnyy,62.54,113.96,55.4,66,89,8.95,RU,1594146358
425,te anau,-45.42,167.72,33.19,92,38,0.36,NZ,1594146360
426,joinville,-26.3,-48.85,66.0,82,94,13.0,BR,1594146361
427,belmonte,-15.86,-38.88,78.8,65,40,4.7,BR,1594146362
428,linguere,15.4,-15.12,99.39,31,59,0.94,SN,1594146364
429,vardo,70.37,31.11,50.0,81,75,14.99,NO,1594146365
430,elko,41.0,-115.5,78.8,14,1,16.11,US,1594146367
431,cabra,37.47,-4.44,105.8,13,0,8.05,ES,1594146369
432,njombe,-9.33,34.77,50.4,81,3,4.79,TZ,1594146371
433,san jose,37.34,-121.89,75.99,37,1,3.36,US,1594146348
434,gao,16.64,1.64,106.54,9,0,5.73,ML,1594146375
435,kavieng,-2.57,150.8,82.02,80,4,14.14,PG,1594146376
436,francofonte,37.23,14.88,86.0,70,5,13.87,IT,1594146176
437,chara,56.91,118.26,51.44,79,30,0.96,RU,1594146379
438,sangar,63.92,127.47,49.32,62,10,0.56,RU,1594146380
439,hobyo,5.35,48.53,79.41,75,76,25.3,SO,1594146382
440,sakakah,29.97,40.21,93.2,10,0,8.05,SA,1594146383
441,vanavara,60.34,102.28,56.14,92,49,3.56,RU,1594146384
442,uberaba,-19.75,-47.93,80.6,22,0,12.75,BR,1594146386
443,ilebo,-4.32,20.58,78.48,35,3,0.92,CD,1594146387
444,shestakovo,56.49,103.96,61.09,88,79,1.59,RU,1594146389
445,ulladulla,-35.35,150.47,50.0,100,90,4.7,AU,1594146390
446,pankovka,58.5,31.2,59.77,76,100,5.32,RU,1594146392
447,constitucion,-35.33,-72.42,54.21,68,73,16.22,CL,1594146394
448,hervey bay,-25.3,152.85,59.0,94,47,5.99,AU,1594146396
449,dimitrovgrad,54.21,49.62,80.6,61,0,6.71,RU,1594146397
450,port hedland,-20.32,118.57,59.0,28,1,6.93,AU,1594146399
451,dmitriyevka,54.75,55.33,75.2,73,0,2.24,RU,1594146400
452,san quintin,30.48,-115.95,75.42,60,0,13.2,MX,1594146401
453,araouane,18.9,-3.53,110.34,6,0,8.37,ML,1594146403
454,aklavik,68.22,-135.01,51.8,71,75,2.24,CA,1594146404
455,macapa,0.04,-51.07,89.6,59,75,6.93,BR,1594146406
456,saint-georges,12.06,-61.75,86.0,74,40,9.17,GD,1594146397
457,angoram,-4.06,144.07,72.59,98,32,1.83,PG,1594146409
458,tigil,57.8,158.67,55.49,88,98,1.41,RU,1594146410
459,jiwani,25.05,61.74,85.96,85,47,10.09,PK,1594146411
460,wonthaggi,-38.6,145.59,46.0,88,3,5.23,AU,1594146187
461,lubana,56.9,26.72,57.33,91,100,4.03,LV,1594146414
462,paamiut,61.99,-49.67,40.05,94,100,7.02,GL,1594146415
463,anshan,41.12,122.99,63.03,60,0,3.27,CN,1594146417
464,karratha,-20.74,116.85,64.29,48,0,7.18,AU,1594146418
465,back mountain,41.34,-76.0,81.0,79,94,1.99,US,1594146178
466,matagami,49.75,-77.63,73.4,83,75,4.7,CA,1594146421
467,grindavik,63.84,-22.43,51.8,76,75,12.75,IS,1594146422
468,huangpi,30.88,114.38,73.4,94,90,8.95,CN,1594146424
469,dawson creek,55.77,-120.24,62.6,72,20,2.24,CA,1594146425
470,henties bay,-22.12,14.28,57.99,87,0,1.01,NA,1594146428
471,vanimo,-2.67,141.3,78.37,78,99,5.68,PG,1594146429
472,sao joao da barra,-21.64,-41.05,82.4,58,0,11.41,BR,1594146433
473,katherine,-14.47,132.27,57.2,47,0,6.93,AU,1594146436
474,namatanai,-3.67,152.43,78.46,82,10,7.34,PG,1594146437
475,black river,18.03,-77.85,89.6,70,20,18.34,JM,1594146439
476,ponta delgada,37.73,-25.67,71.6,73,75,12.75,PT,1594146141
477,wageningen,51.97,5.67,63.0,77,75,3.36,NL,1594146442
478,mafra,-26.11,-49.81,66.0,82,84,13.0,BR,1594146443
479,hohhot,40.81,111.65,66.2,59,13,6.71,CN,1594146444
480,saint-pie,45.5,-72.9,88.0,49,98,3.0,CA,1594146446
481,coatesville,39.98,-75.82,82.99,74,75,5.23,US,1594146447
482,teya,60.38,92.63,56.79,91,44,3.53,RU,1594146449
483,taltal,-25.4,-70.48,60.13,59,10,6.15,CL,1594146450
484,mackay,-21.15,149.2,62.6,93,75,5.82,AU,1594146451
485,nirgua,10.16,-68.57,67.17,100,65,4.03,VE,1594146453
486,taoudenni,22.68,-3.98,116.55,5,17,13.58,ML,1594146454
487,vilyuysk,63.76,121.62,50.13,84,7,2.71,RU,1594146456
488,marapanim,-0.72,-47.7,80.02,90,26,2.86,BR,1594146457
489,lantawan,10.62,123.98,77.32,87,96,5.86,PH,1594146460
490,kitgum,3.28,32.89,67.19,92,77,1.03,UG,1594146461
491,ayan,56.45,138.17,48.13,90,100,7.99,RU,1594146463
492,itoman,26.12,127.67,82.4,94,75,12.75,JP,1594146464
493,aberdeen,57.14,-2.1,54.0,76,75,6.93,GB,1594146466
494,hailar,49.2,119.7,58.62,40,0,7.2,CN,1594146467
495,alice springs,-23.7,133.88,35.6,74,0,5.82,AU,1594146218
496,tamale,9.4,-0.84,86.45,63,79,6.2,GH,1594146373
497,north platte,41.12,-100.77,91.99,43,1,19.46,US,1594146471
498,sambava,-14.27,50.17,74.12,86,100,14.54,MG,1594146472
499,tucumcari,35.17,-103.72,89.6,35,20,11.41,US,1594146474
500,pleszew,51.9,17.79,59.72,70,16,4.65,PL,1594146475
501,robertsport,6.75,-11.37,78.67,78,88,8.99,LR,1594146477
502,udachnyy,66.42,112.4,46.4,93,90,6.71,RU,1594146478
503,san carlos de bariloche,-41.15,-71.31,39.2,55,75,8.05,AR,1594146479
504,kholm-zhirkovskiy,55.52,33.47,62.04,95,64,11.14,RU,1594146481
505,tahe,52.33,124.73,56.84,55,48,2.01,CN,1594146482
506,petropavlovsk-kamchatskiy,53.05,158.65,53.6,100,90,2.24,RU,1594146484
507,ginir,7.13,40.7,59.07,90,34,5.46,ET,1594146485
508,bilibino,68.05,166.44,56.32,53,47,2.17,RU,1594146487
509,creel,27.75,-107.63,76.41,41,62,3.85,MX,1594146488
510,nicolas bravo,18.45,-88.92,89.6,79,75,11.41,MX,1594146489
511,tianpeng,30.99,103.94,78.8,74,100,3.44,CN,1594146491
512,salinas,36.68,-121.66,64.99,59,1,14.99,US,1594146423
513,mildura,-34.2,142.15,37.99,100,40,5.82,AU,1594146495
514,biak,-0.91,122.88,76.35,82,100,7.29,ID,1594146496
515,manoel urbano,-8.84,-69.26,88.74,49,63,2.93,BR,1594146498
516,trincomalee,8.57,81.23,82.99,69,100,8.46,LK,1594146499
517,catalina,32.51,-110.92,100.0,11,0,1.01,US,1594146501
518,hambantota,6.12,81.12,81.45,77,90,17.47,LK,1594146502
519,acapulco,16.86,-99.89,89.6,59,90,13.87,MX,1594146385
520,yinchuan,38.47,106.27,84.92,24,90,8.41,CN,1594146505
521,isiro,2.77,27.62,68.13,91,75,1.36,CD,1594146477
522,belen,36.49,36.22,80.6,74,20,16.11,TR,1594146365
523,kijang,35.24,129.21,71.6,83,75,2.24,KR,1594146509
524,diapaga,12.07,1.79,93.49,41,34,8.03,BF,1594146511
525,olenino,56.21,33.49,60.13,96,83,10.94,RU,1594146512
526,ahipara,-35.17,173.17,51.82,74,68,21.65,NZ,1594146513
527,luderitz,-26.65,15.16,60.8,72,0,17.22,NA,1594146515
528,pingliang,35.54,106.69,68.09,46,1,2.71,CN,1594146516
529,blind river,46.18,-82.96,82.4,58,1,13.87,CA,1594146518
530,sobolevo,54.43,31.9,55.36,85,100,13.02,RU,1594146519
531,westport,41.14,-73.36,73.0,88,90,12.75,US,1594146484
532,solnechnyy,50.72,136.63,51.24,91,100,9.22,RU,1594146523
533,altay,47.87,88.12,58.32,60,30,4.65,CN,1594146525
534,eirunepe,-6.66,-69.87,88.34,56,100,2.84,BR,1594146526
535,dunda,-8.12,34.25,65.17,50,33,5.48,TZ,1594146528
536,wisconsin rapids,44.38,-89.82,86.0,55,40,3.36,US,1594146252
537,balakovo,52.03,47.8,79.41,53,9,7.49,RU,1594146391
538,dubovyy umet,52.98,50.29,82.4,48,0,6.71,RU,1594146532
539,sfantu gheorghe,45.87,25.78,57.0,89,100,1.01,RO,1594146300
540,pangnirtung,66.15,-65.71,50.0,71,90,2.24,CA,1594146535
541,bend,44.06,-121.32,64.4,39,20,3.36,US,1594146536
542,coahuayana,18.73,-103.68,82.4,65,40,11.41,MX,1594146538
543,rio gallegos,-51.62,-69.22,37.4,74,75,9.17,AR,1594146539
544,baza,37.49,-2.77,95.0,17,0,13.49,ES,1594146540
545,akhtyrskiy,44.85,38.3,87.01,58,21,1.99,RU,1594146542
546,sampit,-2.53,112.95,74.59,98,86,2.98,ID,1594146543
547,matangad,8.58,124.37,77.0,90,94,5.01,PH,1594146546
548,xining,36.62,101.77,61.48,59,19,3.06,CN,1594146547
549,sawtell,-30.38,153.1,51.8,81,75,8.05,AU,1594146549
550,sanary-sur-mer,43.12,5.8,84.2,42,0,2.24,FR,1594146551
551,gat,31.61,34.76,81.0,66,0,4.38,IL,1594146553
552,florence,43.77,11.25,78.8,39,11,4.7,IT,1594146416
553,flinders,-34.58,150.86,52.0,88,93,1.01,AU,1594146556
554,kidal,18.44,1.41,104.68,7,0,10.65,ML,1594146558
555,pathein,16.78,94.73,80.98,88,100,4.65,MM,1594146559
556,makakilo city,21.35,-158.09,80.6,65,1,5.82,US,1594146562
557,bagn,60.82,9.55,45.0,71,95,1.99,NO,1594146563
